date,close,actual,prob_up,pred,correct,split
2015-09-11,94.41,0,0.6927,1,0,train
2015-09-14,93.22,0,0.6711,1,0,train
2015-09-16,93.2,0,0.707,1,0,train
2015-09-17,93.29,0,0.5839,1,0,train
2015-09-18,92.26,0,0.5097,1,0,train
2015-09-21,91.51,0,0.3969,0,1,train
2015-09-29,90.35,1,0.345,0,0,train
2015-09-30,89.8,1,0.4879,0,0,train
2015-10-06,93.09,0,0.5264,1,0,train
2015-10-09,92.47,0,0.517,1,0,train
2015-10-15,92.04,0,0.5854,1,0,train
2015-10-16,91.27,0,0.4324,0,1,train
2015-10-19,92.78,0,0.366,0,1,train
2015-10-21,91.35,1,0.3311,0,0,train
2015-10-22,90.37,1,0.273,0,0,train
2015-10-27,90.73,0,0.3049,0,1,train
2015-10-28,90.93,0,0.3644,0,1,train
2015-10-29,92.33,0,0.3255,0,1,train
2015-10-30,91.51,0,0.2913,0,1,train
2015-11-02,90.01,0,0.2849,0,1,train
2015-11-03,89.56,0,0.3332,0,1,train
2015-11-04,89.5,0,0.2815,0,1,train
2015-11-05,89.39,0,0.28,0,1,train
2015-11-06,85.81,0,0.2745,0,1,train
2015-11-09,85.48,0,0.4524,0,1,train
2015-11-12,85.82,0,0.3676,0,1,train
2015-11-18,84.38,0,0.2828,0,1,train
2015-11-19,84.3,0,0.2006,0,1,train
2015-11-20,84.04,0,0.1313,0,1,train
2015-11-23,83.83,0,0.0987,0,1,train
2015-11-24,83.9,0,0.1064,0,1,train
2015-11-25,83.28,0,0.1447,0,1,train
2015-11-26,82.44,0,0.3199,0,1,train
2015-11-30,81.44,1,0.6621,1,1,train
2015-12-01,80.45,1,0.7792,1,1,train
2015-12-02,81.62,1,0.8995,1,1,train
2015-12-03,81.45,1,0.8285,1,1,train
2015-12-04,81.49,1,0.6948,1,1,train
2015-12-07,85.56,0,0.7345,1,0,train
2015-12-08,84.47,0,0.5134,1,0,train
2015-12-09,86.15,0,0.5959,1,0,train
2015-12-10,85.7,0,0.237,0,1,train
2015-12-15,81.03,1,0.6475,1,1,train
2015-12-16,81.51,1,0.7938,1,1,train
2015-12-23,83.49,1,0.7028,1,1,train
2015-12-28,83.87,1,0.6004,1,1,train
2015-12-30,83.87,1,0.6544,1,1,train
2016-01-01,85.83,0,0.7233,1,0,train
2016-01-07,84.88,0,0.3436,0,1,train
2016-01-08,84.81,0,0.3691,0,1,train
2016-01-09,84.81,0,0.3315,0,1,train
2016-01-10,84.81,0,0.2919,0,1,train
2016-01-11,84.7,0,0.2785,0,1,train
2016-01-12,83.9,0,0.2933,0,1,train
2016-01-13,83.56,0,0.3366,0,1,train
2016-01-14,81.07,0,0.2878,0,1,train
2016-01-15,80.5,0,0.4069,0,1,train
2016-01-20,77.01,1,0.4122,0,0,train
2016-01-21,77.62,1,0.5377,1,1,train
2016-01-22,77.69,1,0.5343,1,1,train
2016-01-25,77.98,1,0.541,1,1,train
2016-01-27,80.37,0,0.5489,1,0,train
2016-01-28,79.32,1,0.4243,0,0,train
2016-01-29,79.81,1,0.4859,0,0,train
2016-02-01,80.98,0,0.4344,0,1,train
2016-02-02,79.14,0,0.2951,0,1,train
2016-02-03,78.62,0,0.3876,0,1,train
2016-02-04,81.15,0,0.4007,0,1,train
2016-02-08,81.11,0,0.2662,0,1,train
2016-02-09,78.99,0,0.2345,0,1,train
2016-02-10,78.16,0,0.3236,0,1,train
2016-02-11,77.49,0,0.4352,0,1,train
2016-02-12,76.24,0,0.4272,0,1,train
2016-02-15,77.03,0,0.5149,1,0,train
2016-02-16,76.03,0,0.4371,0,1,train
2016-02-17,75.39,0,0.4913,0,1,train
2016-02-19,69.09,1,0.584,1,1,train
2016-02-22,68.54,1,0.773,1,1,train
2016-02-23,68.4,1,0.8052,1,1,train
2016-02-24,70.24,1,0.8423,1,1,train
2016-02-25,71.3,1,0.8494,1,1,train
2016-02-26,72.41,1,0.8616,1,1,train
2016-02-29,75.32,1,0.8215,1,1,train
2016-03-01,75.66,1,0.7443,1,1,train
2016-03-02,74.84,1,0.6193,1,1,train
2016-03-03,75.56,1,0.5974,1,1,train
2016-03-04,76.81,0,0.462,0,1,train
2016-03-07,77.46,0,0.3599,0,1,train
2016-03-08,77.82,0,0.3379,0,1,train
2016-03-09,77.45,0,0.3034,0,1,train
2016-03-10,76.36,0,0.2807,0,1,train
2016-03-11,75.69,0,0.3195,0,1,train
2016-03-14,72.23,0,0.3946,0,1,train
2016-03-15,71.34,0,0.4653,0,1,train
2016-03-16,70.95,0,0.4963,0,1,train
2016-03-21,70.09,0,0.5334,1,0,train
2016-03-25,68.61,1,0.5551,1,1,train
2016-03-28,69.01,1,0.6207,1,1,train
2016-03-29,68.76,1,0.5897,1,1,train
2016-03-30,69.09,1,0.6559,1,1,train
2016-03-31,69.49,1,0.6458,1,1,train
2016-04-01,70.28,1,0.6736,1,1,train
2016-04-07,72.36,1,0.6663,1,1,train
2016-04-13,71.69,0,0.5854,1,0,train
2016-04-14,73.19,0,0.5628,1,0,train
2016-04-15,72.96,0,0.504,1,0,train
2016-04-18,71.29,0,0.5647,1,0,train
2016-04-19,71.5,0,0.6292,1,0,train
2016-04-20,70.82,0,0.6252,1,0,train
2016-04-21,68.98,1,0.6907,1,1,train
2016-04-22,69.19,1,0.7783,1,1,train
2016-04-27,70.09,0,0.7509,1,0,train
2016-04-28,70.47,0,0.7229,1,0,train
2016-05-04,69.02,1,0.7356,1,1,train
2016-05-05,69.31,1,0.7779,1,1,train
2016-05-10,69.98,0,0.7216,1,0,train
2016-05-11,70.21,0,0.6232,1,0,train
2016-05-16,69.44,1,0.5442,1,1,train
2016-05-17,68.91,1,0.5192,1,1,train
2016-05-18,69.29,1,0.482,0,0,train
2016-05-19,70.01,1,0.4402,0,0,train
2016-05-23,72.11,0,0.3488,0,1,train
2016-05-24,71.93,0,0.2359,0,1,train
2016-05-25,71.55,0,0.2314,0,1,train
2016-05-26,71.0,0,0.2014,0,1,train
2016-05-27,70.69,0,0.2194,0,1,train
2016-05-31,69.56,0,0.2497,0,1,train
2016-06-01,69.76,0,0.2312,0,1,train
2016-06-02,69.54,0,0.2063,0,1,train
2016-06-03,68.91,0,0.2162,0,1,train
2016-06-06,70.11,0,0.2776,0,1,train
2016-06-07,68.35,0,0.2045,0,1,train
2016-06-13,66.93,0,0.2728,0,1,train
2016-06-14,67.48,0,0.3309,0,1,train
2016-06-15,68.07,0,0.2769,0,1,train
2016-06-16,67.57,0,0.2423,0,1,train
2016-06-17,66.58,0,0.3166,0,1,train
2016-06-20,66.14,0,0.3509,0,1,train
2016-06-21,65.89,0,0.3599,0,1,train
2016-06-23,65.25,0,0.3771,0,1,train
2016-06-24,63.73,1,0.5042,1,1,train
2016-06-27,63.82,1,0.7808,1,1,train
2016-06-28,63.85,1,0.7735,1,1,train
2016-06-29,64.77,1,0.7885,1,1,train
2016-06-30,64.48,1,0.762,1,1,train
2016-07-04,64.52,1,0.7714,1,1,train
2016-07-11,65.58,1,0.7387,1,1,train
2016-07-13,66.03,1,0.7726,1,1,train
2016-07-14,65.96,1,0.8137,1,1,train
2016-07-15,66.66,1,0.7997,1,1,train
2016-07-18,66.38,1,0.7565,1,1,train
2016-07-19,66.94,1,0.6535,1,1,train
2016-07-20,67.97,1,0.6054,1,1,train
2016-07-21,69.41,0,0.4535,0,1,train
2016-07-27,68.74,0,0.372,0,1,train
2016-07-29,68.6,0,0.3449,0,1,train
2016-08-01,68.57,0,0.3972,0,1,train
2016-08-03,67.38,1,0.4051,0,0,train
2016-08-04,67.66,1,0.4896,0,0,train
2016-08-05,67.73,1,0.5276,1,1,train
2016-08-08,67.52,1,0.4754,0,0,train
2016-08-09,68.09,1,0.4567,0,0,train
2016-08-12,69.21,0,0.3598,0,1,train
2016-08-15,69.4,0,0.3245,0,1,train
2016-08-16,69.39,0,0.3169,0,1,train
2016-08-17,68.74,0,0.2743,0,1,train
2016-08-29,67.87,0,0.296,0,1,train
2016-08-30,67.74,0,0.2386,0,1,train
2016-08-31,67.62,0,0.2344,0,1,train
2016-09-01,67.88,0,0.2407,0,1,train
2016-09-02,67.37,0,0.2094,0,1,train
2016-09-05,66.8,0,0.2564,0,1,train
2016-09-06,66.7,0,0.2869,0,1,train
2016-09-07,66.65,0,0.3087,0,1,train
2016-09-08,66.08,0,0.3723,0,1,train
2016-09-09,66.0,0,0.3893,0,1,train
2016-09-15,66.06,0,0.3852,0,1,train
2016-09-16,64.81,0,0.3951,0,1,train
2016-09-19,64.94,0,0.5892,1,0,train
2016-09-20,64.56,0,0.5304,1,0,train
2016-09-21,63.46,0,0.5109,1,0,train
2016-09-22,63.74,0,0.6843,1,0,train
2016-09-26,63.31,0,0.6457,1,0,train
2016-10-03,62.47,0,0.482,0,1,train
2016-10-13,61.75,1,0.6519,1,1,train
2016-10-18,61.65,1,0.8101,1,1,train
2016-10-19,61.45,1,0.7852,1,1,train
2016-10-21,62.45,1,0.7772,1,1,train
2016-10-24,61.98,1,0.7876,1,1,train
2016-10-25,63.16,1,0.8383,1,1,train
2016-10-26,63.75,1,0.6559,1,1,train
2016-10-27,62.83,1,0.5821,1,1,train
2016-10-28,63.15,1,0.71,1,1,train
2016-10-31,63.5,1,0.6399,1,1,train
2016-11-01,65.16,0,0.536,1,0,train
2016-11-02,64.69,0,0.3601,0,1,train
2016-11-07,64.43,0,0.4298,0,1,train
2016-11-08,64.08,0,0.3801,0,1,train
2016-11-09,64.03,0,0.5344,1,0,train
2016-11-10,64.38,0,0.4289,0,1,train
2016-11-11,63.96,0,0.4217,0,1,train
2016-11-17,62.81,1,0.6886,1,1,train
2016-11-18,62.8,1,0.6649,1,1,train
2016-11-21,62.74,1,0.6268,1,1,train
2016-11-22,62.96,1,0.6824,1,1,train
2016-11-23,63.24,1,0.7955,1,1,train
2016-11-24,64.0,1,0.7784,1,1,train
2016-11-25,64.6,1,0.7013,1,1,train
2016-11-28,65.71,1,0.7661,1,1,train
2016-11-29,64.97,1,0.7203,1,1,train
2016-11-30,64.43,1,0.7038,1,1,train
2016-12-01,64.95,1,0.6373,1,1,train
2016-12-02,65.53,1,0.4871,0,0,train
2016-12-06,68.51,0,0.4825,0,1,train
2016-12-07,69.43,0,0.3119,0,1,train
2016-12-08,66.7,0,0.2245,0,1,train
2016-12-09,68.24,0,0.5822,1,0,train
2016-12-13,67.95,0,0.2762,0,1,train
2016-12-14,67.42,0,0.5375,1,0,train
2016-12-15,66.73,0,0.8441,1,0,train
2016-12-20,65.47,1,0.8364,1,1,train
2016-12-21,65.04,1,0.8204,1,1,train
2016-12-22,65.25,1,0.8031,1,1,train
2016-12-23,65.41,1,0.7722,1,1,train
2016-12-26,65.86,1,0.7299,1,1,train
2016-12-27,66.22,1,0.8814,1,1,train
2016-12-28,67.47,1,0.9225,1,1,train
2016-12-29,68.29,1,0.8277,1,1,train
2016-12-30,67.98,1,0.6995,1,1,train
2017-01-02,68.55,1,0.7978,1,1,train
2017-01-03,71.97,0,0.5837,1,0,train
2017-01-04,71.72,0,0.4108,0,1,train
2017-01-05,72.92,0,0.3949,0,1,train
2017-01-06,73.22,0,0.3466,0,1,train
2017-01-09,73.28,0,0.3605,0,1,train
2017-01-11,70.57,0,0.3958,0,1,train
2017-01-12,70.19,0,0.3306,0,1,train
2017-01-13,69.59,1,0.5169,1,1,train
2017-01-16,70.39,1,0.6899,1,1,train
2017-01-17,69.56,1,0.3439,0,0,train
2017-01-18,69.18,1,0.4105,0,0,train
2017-01-19,69.17,1,0.4547,0,0,train
2017-01-20,70.38,1,0.3872,0,0,train
2017-01-24,72.06,0,0.3496,0,1,train
2017-01-26,72.67,0,0.2886,0,1,train
2017-01-27,72.62,0,0.297,0,1,train
2017-01-31,71.24,0,0.3489,0,1,train
2017-02-01,71.48,0,0.3189,0,1,train
2017-02-02,70.89,0,0.3208,0,1,train
2017-02-06,70.56,0,0.3026,0,1,train
2017-02-07,70.52,0,0.347,0,1,train
2017-02-08,69.68,0,0.3259,0,1,train
2017-02-16,69.29,0,0.3808,0,1,train
2017-02-17,69.7,0,0.3576,0,1,train
2017-02-20,68.93,0,0.3025,0,1,train
2017-02-21,68.68,0,0.2847,0,1,train
2017-02-22,68.62,0,0.2909,0,1,train
2017-02-24,68.15,1,0.2925,0,0,train
2017-02-27,67.41,1,0.3225,0,0,train
2017-02-28,67.87,1,0.4037,0,0,train
2017-03-01,67.44,1,0.3347,0,0,train
2017-03-03,69.32,0,0.3264,0,1,train
2017-03-06,69.42,0,0.2932,0,1,train
2017-03-07,69.47,0,0.2891,0,1,train
2017-03-08,69.36,0,0.2168,0,1,train
2017-03-09,68.26,0,0.1646,0,1,train
2017-03-10,68.14,0,0.1561,0,1,train
2017-03-13,68.18,0,0.1583,0,1,train
2017-03-14,68.06,0,0.113,0,1,train
2017-03-15,67.41,0,0.1075,0,1,train
2017-03-16,67.18,0,0.1673,0,1,train
2017-03-21,65.09,0,0.1205,0,1,train
2017-03-22,64.83,0,0.1482,0,1,train
2017-03-24,64.97,0,0.2227,0,1,train
2017-03-27,65.1,0,0.2559,0,1,train
2017-03-28,64.72,0,0.2391,0,1,train
2017-03-29,64.12,0,0.2193,0,1,train
2017-03-30,63.26,0,0.1841,0,1,train
2017-03-31,62.66,0,0.1696,0,1,train
2017-04-03,62.42,0,0.264,0,1,train
2017-04-04,62.06,0,0.3309,0,1,train
2017-04-05,61.63,0,0.4291,0,1,train
2017-04-06,61.46,0,0.4612,0,1,train
2017-04-07,61.47,0,0.482,0,1,train
2017-04-10,60.95,0,0.4788,0,1,train
2017-04-11,60.83,0,0.6001,1,0,train
2017-04-13,60.76,1,0.6762,1,1,train
2017-04-14,60.6,1,0.4741,0,0,train
2017-04-17,59.7,1,0.3734,0,0,train
2017-04-18,59.33,1,0.4522,0,0,train
2017-04-19,61.34,0,0.3855,0,1,train
2017-04-20,62.49,0,0.2388,0,1,train
2017-04-21,62.63,0,0.1465,0,1,train
2017-04-24,61.74,0,0.1388,0,1,train
2017-04-25,60.89,0,0.1597,0,1,train
2017-04-26,59.96,0,0.2265,0,1,train
2017-04-28,58.65,1,0.4218,0,0,train
2017-05-05,59.75,0,0.5445,1,0,train
2017-05-08,59.6,0,0.3397,0,1,train
2017-05-09,57.6,1,0.274,0,0,train
2017-05-10,57.58,1,0.4352,0,0,train
2017-05-16,59.92,0,0.4193,0,1,train
2017-05-17,59.57,1,0.3696,0,0,train
2017-05-18,58.48,1,0.3857,0,0,train
2017-05-19,58.46,1,0.5019,1,1,train
2017-05-22,58.37,1,0.4594,0,0,train
2017-05-25,60.21,0,0.3401,0,1,train
2017-05-26,59.15,0,0.2828,0,1,train
2017-05-29,59.08,0,0.3223,0,1,train
2017-05-31,60.6,0,0.2496,0,1,train
2017-06-02,57.19,1,0.1818,0,0,train
2017-06-05,58.36,0,0.1934,0,1,train
2017-06-06,57.87,0,0.2041,0,1,train
2017-06-07,57.62,0,0.1299,0,1,train
2017-06-08,57.64,0,0.1238,0,1,train
2017-06-09,57.89,0,0.1263,0,1,train
2017-06-12,55.13,1,0.121,0,0,train
2017-06-13,55.98,0,0.1435,0,1,train
2017-06-15,55.45,1,0.1254,0,0,train
2017-06-16,55.38,1,0.1229,0,0,train
2017-06-20,53.84,0,0.1159,0,1,train
2017-06-21,55.2,0,0.1694,0,1,train
2017-06-22,56.12,0,0.1216,0,1,train
2017-06-29,56.19,0,0.17,0,1,train
2017-06-30,55.24,0,0.1679,0,1,train
2017-07-03,53.08,1,0.3093,0,0,train
2017-07-04,54.64,0,0.4508,0,1,train
2017-07-05,54.32,0,0.3405,0,1,train
2017-07-06,53.1,1,0.5089,1,1,train
2017-07-07,53.39,1,0.7165,1,1,train
2017-07-10,54.45,1,0.7681,1,1,train
2017-07-11,51.9,1,0.7146,1,1,train
2017-07-12,53.25,1,0.8484,1,1,train
2017-07-13,54.55,1,0.8123,1,1,train
2017-07-17,55.59,1,0.7208,1,1,train
2017-07-20,55.79,1,0.6853,1,1,train
2017-07-21,55.97,1,0.6602,1,1,train
2017-07-24,56.85,1,0.608,1,1,train
2017-07-25,56.9,1,0.5665,1,1,train
2017-07-26,57.03,1,0.6776,1,1,train
2017-07-27,57.55,1,0.7341,1,1,train
2017-07-28,57.11,1,0.7496,1,1,train
2017-07-31,58.03,1,0.7732,1,1,train
2017-08-01,59.09,0,0.5482,1,0,train
2017-08-02,59.03,1,0.3603,0,0,train
2017-08-03,58.6,1,0.3704,0,0,train
2017-08-04,60.62,0,0.4486,0,1,train
2017-08-07,59.73,0,0.2745,0,1,train
2017-08-09,59.94,0,0.306,0,1,train
2017-08-10,59.71,0,0.2208,0,1,train
2017-08-11,59.57,0,0.3075,0,1,train
2017-08-15,57.29,1,0.4711,0,0,train
2017-08-16,57.98,1,0.716,1,1,train
2017-08-17,57.68,1,0.5371,1,1,train
2017-08-18,57.71,1,0.6605,1,1,train
2017-08-21,56.89,1,0.5376,1,1,train
2017-08-22,58.5,0,0.5423,1,0,train
2017-08-23,59.27,0,0.3475,0,1,train
2017-08-24,58.95,0,0.2892,0,1,train
2017-08-25,59.17,0,0.321,0,1,train
2017-08-28,58.91,0,0.2998,0,1,train
2017-08-29,56.94,0,0.3331,0,1,train
2017-08-30,56.9,0,0.6437,1,0,train
2017-08-31,57.89,0,0.6313,1,0,train
2017-09-05,58.17,0,0.5516,1,0,train
2017-09-06,54.91,1,0.6695,1,1,train
2017-09-07,54.95,1,0.733,1,1,train
2017-09-08,55.23,1,0.7518,1,1,train
2017-09-11,55.53,1,0.6935,1,1,train
2017-09-12,55.89,1,0.736,1,1,train
2017-09-13,56.91,1,0.7815,1,1,train
2017-09-14,57.66,1,0.6748,1,1,train
2017-09-15,58.3,1,0.6056,1,1,train
2017-09-18,61.01,1,0.5844,1,1,train
2017-09-20,62.05,1,0.6531,1,1,train
2017-09-21,60.69,1,0.5348,1,1,train
2017-09-22,60.53,1,0.6195,1,1,train
2017-09-26,62.56,0,0.51,1,0,train
2017-09-27,63.26,0,0.3494,0,1,train
2017-09-28,62.97,0,0.2634,0,1,train
2017-09-29,62.91,0,0.2154,0,1,train
2017-10-02,62.7,0,0.2318,0,1,train
2017-10-03,61.81,0,0.1899,0,1,train
2017-10-04,60.15,0,0.2583,0,1,train
2017-10-05,60.95,0,0.5121,1,0,train
2017-10-06,62.02,0,0.6724,1,0,train
2017-10-10,59.87,1,0.615,1,1,train
2017-10-11,59.27,1,0.8353,1,1,train
2017-10-12,59.07,1,0.867,1,1,train
2017-10-13,60.0,1,0.8694,1,1,train
2017-10-16,60.86,1,0.8403,1,1,train
2017-10-17,60.54,1,0.8208,1,1,train
2017-10-18,60.65,1,0.8644,1,1,train
2017-10-19,63.45,1,0.865,1,1,train
2017-10-20,64.39,1,0.8114,1,1,train
2017-10-23,63.62,1,0.7426,1,1,train
2017-10-26,65.72,1,0.7338,1,1,train
2017-10-27,65.52,1,0.7425,1,1,train
2017-10-30,65.51,1,0.8238,1,1,train
2017-10-31,64.99,1,0.6173,1,1,train
2017-11-01,66.17,1,0.6262,1,1,train
2017-11-08,67.13,0,0.3715,0,1,train
2017-11-09,67.26,0,0.3067,0,1,train
2017-11-20,67.09,0,0.2937,0,1,train
2017-11-21,66.83,0,0.2949,0,1,train
2017-11-22,66.72,0,0.3144,0,1,train
2017-11-23,66.43,0,0.3319,0,1,train
2017-11-24,66.71,0,0.3726,0,1,train
2017-11-28,64.85,1,0.3638,0,0,train
2017-11-29,64.84,1,0.5022,1,1,train
2017-11-30,65.52,0,0.5515,1,0,train
2017-12-04,65.89,0,0.3919,0,1,train
2017-12-05,65.88,0,0.2737,0,1,train
2017-12-06,66.91,0,0.4757,0,1,train
2017-12-07,65.72,0,0.2734,0,1,train
2017-12-08,62.49,1,0.745,1,1,train
2017-12-11,60.98,1,0.8948,1,1,train
2017-12-12,61.24,1,0.9255,1,1,train
2017-12-14,63.18,1,0.9003,1,1,train
2017-12-15,64.48,1,0.8979,1,1,train
2017-12-18,63.96,1,0.8695,1,1,train
2017-12-19,63.73,1,0.8851,1,1,train
2017-12-20,63.6,1,0.9029,1,1,train
2017-12-21,64.03,1,0.9275,1,1,train
2017-12-22,66.15,1,0.9115,1,1,train
2017-12-26,66.19,1,0.8134,1,1,train
2017-12-27,66.88,1,0.8299,1,1,train
2017-12-28,66.87,1,0.8056,1,1,train
2017-12-29,67.72,1,0.8006,1,1,train
2018-01-01,67.17,1,0.6363,1,1,train
2018-01-02,67.86,1,0.6503,1,1,train
2018-01-03,68.39,1,0.6126,1,1,train
2018-01-04,68.39,1,0.4762,0,0,train
2018-01-08,71.04,0,0.4671,0,1,train
2018-01-09,70.02,0,0.2996,0,1,train
2018-01-10,70.54,0,0.3559,0,1,train
2018-01-15,68.31,1,0.2832,0,0,train
2018-01-16,68.16,1,0.3665,0,0,train
2018-01-19,69.51,0,0.4578,0,1,train
2018-01-22,70.02,0,0.3462,0,1,train
2018-01-26,68.77,1,0.274,0,0,train
2018-02-06,68.53,1,0.3466,0,0,train
2018-02-08,69.72,0,0.3602,0,1,train
2018-02-09,69.58,0,0.2441,0,1,train
2018-02-12,69.05,0,0.2666,0,1,train
2018-02-13,69.28,0,0.3154,0,1,train
2018-02-16,68.73,0,0.3176,0,1,train
2018-02-20,67.53,1,0.2947,0,0,train
2018-02-21,67.85,1,0.4125,0,0,train
2018-02-22,68.06,1,0.3657,0,0,train
2018-02-23,67.62,1,0.372,0,0,train
2018-02-26,68.16,1,0.4601,0,0,train
2018-02-27,68.57,1,0.3537,0,0,train
2018-03-01,69.18,0,0.3557,0,1,train
2018-03-06,69.47,1,0.4038,0,0,train
2018-03-07,69.02,1,0.4575,0,0,train
2018-03-09,69.04,0,0.3935,0,1,train
2018-03-12,69.95,0,0.2476,0,1,train
2018-03-13,70.49,0,0.24,0,1,train
2018-03-14,70.02,0,0.2292,0,1,train
2018-03-16,67.36,1,0.272,0,0,train
2018-03-20,67.99,1,0.3687,0,0,train
2018-03-21,68.34,1,0.3906,0,0,train
2018-03-22,68.16,1,0.3928,0,0,train
2018-03-26,68.21,1,0.5645,1,1,train
2018-03-27,68.3,1,0.5745,1,1,train
2018-03-28,68.93,1,0.6484,1,1,train
2018-03-30,69.09,1,0.6609,1,1,train
2018-04-02,69.24,1,0.5276,1,1,train
2018-04-03,69.36,1,0.5689,1,1,train
2018-04-05,70.04,1,0.6611,1,1,train
2018-04-09,72.04,0,0.6203,1,0,train
2018-04-11,70.42,1,0.4523,0,0,train
2018-04-13,71.27,1,0.5733,1,1,train
2018-04-16,71.22,1,0.5833,1,1,train
2018-04-17,71.03,1,0.5769,1,1,train
2018-04-18,71.91,1,0.6126,1,1,train
2018-04-19,71.46,1,0.5655,1,1,train
2018-04-23,73.27,0,0.6454,1,0,train
2018-04-27,72.53,1,0.5625,1,1,train
2018-04-30,72.17,1,0.5714,1,1,train
2018-05-02,72.92,1,0.6131,1,1,train
2018-05-03,72.92,1,0.5763,1,1,train
2018-05-04,73.26,1,0.475,0,0,train
2018-05-08,74.36,0,0.4129,0,1,train
2018-05-10,74.09,0,0.3946,0,1,train
2018-05-11,74.47,0,0.3431,0,1,train
2018-05-14,73.87,0,0.3064,0,1,train
2018-05-15,73.56,1,0.463,0,0,train
2018-05-17,72.45,1,0.4391,0,0,train
2018-05-18,72.55,1,0.5366,1,1,train
2018-05-21,72.66,1,0.4831,0,0,train
2018-05-25,73.33,1,0.49,0,0,train
2018-05-28,73.4,1,0.5795,1,1,train
2018-06-07,74.61,1,0.5382,1,1,train
2018-06-11,74.89,1,0.6088,1,1,train
2018-06-12,74.38,1,0.6263,1,1,train
2018-06-13,74.81,1,0.6741,1,1,train
2018-06-19,76.23,0,0.5952,1,0,train
2018-06-20,76.73,0,0.4713,0,1,train
2018-06-21,76.64,0,0.4836,0,1,train
2018-06-22,75.95,0,0.4916,0,1,train
2018-06-25,74.27,1,0.5799,1,1,train
2018-06-26,74.76,1,0.6126,1,1,train
2018-07-02,76.72,0,0.5287,1,0,train
2018-07-03,76.59,0,0.4587,0,1,train
2018-07-05,74.32,1,0.4485,0,0,train
2018-07-06,74.37,1,0.6029,1,1,train
2018-07-09,73.49,1,0.6584,1,1,train
2018-07-10,73.8,1,0.8364,1,1,train
2018-07-11,74.07,1,0.8559,1,1,train
2018-07-12,76.58,1,0.893,1,1,train
2018-07-13,76.16,1,0.8742,1,1,train
2018-07-16,76.0,1,0.8603,1,1,train
2018-07-17,78.39,1,0.8553,1,1,train
2018-07-18,79.5,1,0.7421,1,1,train
2018-07-19,79.98,1,0.7322,1,1,train
2018-07-20,79.38,1,0.6895,1,1,train
2018-07-26,81.75,0,0.7543,1,0,train
2018-07-31,79.13,1,0.4899,0,0,train
2018-08-01,79.4,1,0.6706,1,1,train
2018-08-02,78.47,1,0.7077,1,1,train
2018-08-13,80.26,1,0.8236,1,1,train
2018-08-15,80.25,1,0.7607,1,1,train
2018-08-16,80.03,1,0.7403,1,1,train
2018-08-20,79.9,0,0.6526,1,0,train
2018-08-24,81.54,0,0.6299,1,0,train
2018-08-27,82.36,0,0.4711,0,1,train
2018-08-28,81.57,0,0.3154,0,1,train
2018-08-29,80.51,0,0.3685,0,1,train
2018-08-31,78.94,0,0.4169,0,1,train
2018-09-03,78.6,0,0.2368,0,1,train
2018-09-04,78.25,0,0.2652,0,1,train
2018-09-05,77.83,0,0.2955,0,1,train
2018-09-06,77.64,0,0.2791,0,1,train
2018-09-11,76.41,1,0.3577,0,0,train
2018-09-13,76.82,0,0.4014,0,1,train
2018-09-14,77.05,0,0.4059,0,1,train
2018-09-17,77.08,0,0.3952,0,1,train
2018-09-18,79.88,0,0.3472,0,1,train
2018-09-25,76.24,0,0.1934,0,1,train
2018-10-01,75.25,0,0.2102,0,1,train
2018-10-03,75.03,0,0.2125,0,1,train
2018-10-04,74.99,0,0.2511,0,1,train
2018-10-05,74.99,0,0.2629,0,1,train
2018-10-08,73.08,0,0.3132,0,1,train
2018-10-09,74.07,0,0.6828,1,0,train
2018-10-11,73.23,1,0.8378,1,1,train
2018-10-12,72.21,1,0.8592,1,1,train
2018-10-15,70.99,1,0.8952,1,1,train
2018-10-16,70.9,1,0.9415,1,1,train
2018-10-17,73.02,1,0.9452,1,1,train
2018-10-18,76.36,1,0.9189,1,1,train
2018-10-19,75.69,1,0.9041,1,1,train
2018-10-22,75.7,1,0.9066,1,1,train
2018-10-23,75.24,1,0.8975,1,1,train
2018-10-24,79.0,1,0.8868,1,1,train
2018-10-29,80.88,1,0.8234,1,1,train
2018-10-31,81.01,1,0.8632,1,1,train
2018-11-01,80.62,1,0.8118,1,1,train
2018-11-02,81.38,1,0.6778,1,1,train
2018-11-05,82.02,0,0.4633,0,1,train
2018-11-07,82.72,0,0.496,0,1,train
2018-11-08,82.94,0,0.2665,0,1,train
2018-11-09,82.79,0,0.2376,0,1,train
2018-11-12,81.2,0,0.1547,0,1,train
2018-11-13,81.26,0,0.1969,0,1,train
2018-11-14,81.46,0,0.1004,0,1,train
2018-11-15,78.36,0,0.0981,0,1,train
2018-11-16,78.34,0,0.2396,0,1,train
2018-11-20,78.19,0,0.1539,0,1,train
2018-11-26,75.82,0,0.0852,0,1,train
2018-11-27,77.96,0,0.116,0,1,train
2018-11-28,77.35,0,0.0928,0,1,train
2018-11-29,77.24,0,0.1426,0,1,train
2018-11-30,76.37,0,0.1548,0,1,train
2018-12-03,73.03,1,0.1616,0,0,train
2018-12-04,75.04,0,0.1877,0,1,train
2018-12-05,74.59,0,0.162,0,1,train
2018-12-06,73.03,0,0.1683,0,1,train
2018-12-10,75.01,0,0.2699,0,1,train
2018-12-11,73.64,0,0.1556,0,1,train
2018-12-12,73.2,0,0.3517,0,1,train
2018-12-14,73.48,0,0.4078,0,1,train
2018-12-18,71.71,1,0.3909,0,0,train
2018-12-20,71.65,0,0.5343,1,0,train
2018-12-21,72.17,0,0.5384,1,0,train
2018-12-28,69.77,1,0.5275,1,1,train
2018-12-31,69.05,1,0.6969,1,1,train
2019-01-01,71.81,1,0.7466,1,1,train
2019-01-02,72.6,1,0.7399,1,1,train
2019-01-03,72.21,1,0.7186,1,1,train
2019-01-04,72.02,1,0.7091,1,1,train
2019-01-08,76.15,0,0.6459,1,0,train
2019-01-09,75.17,0,0.5581,1,0,train
2019-01-11,75.7,0,0.6728,1,0,train
2019-01-17,74.6,0,0.6473,1,0,train
2019-01-18,74.87,0,0.6391,1,0,train
2019-01-21,74.75,0,0.6127,1,0,train
2019-01-23,74.2,1,0.6782,1,1,train
2019-01-24,73.0,1,0.6928,1,1,train
2019-01-25,73.69,1,0.7201,1,1,train
2019-01-28,73.49,1,0.7085,1,1,train
2019-01-29,75.08,1,0.6864,1,1,train
2019-01-30,75.63,1,0.6611,1,1,train
2019-02-01,75.99,0,0.634,1,0,train
2019-02-06,77.64,0,0.5575,1,0,train
2019-02-07,78.24,0,0.3877,0,1,train
2019-02-12,76.14,0,0.2781,0,1,train
2019-02-15,75.85,0,0.3304,0,1,train
2019-02-18,75.51,0,0.2171,0,1,train
2019-02-20,75.49,0,0.1817,0,1,train
2019-02-21,75.01,0,0.1043,0,1,train
2019-02-25,74.57,1,0.1315,0,0,train
2019-02-26,74.0,1,0.1854,0,0,train
2019-02-27,74.24,1,0.1947,0,0,train
2019-02-28,73.49,1,0.1636,0,0,train
2019-03-04,75.42,0,0.1907,0,1,train
2019-03-05,75.52,0,0.0683,0,1,train
2019-03-06,75.22,0,0.0711,0,1,train
2019-03-11,73.5,1,0.0549,0,0,train
2019-03-12,73.34,0,0.1075,0,1,train
2019-03-13,73.54,0,0.1155,0,1,train
2019-03-14,74.05,0,0.1361,0,1,train
2019-03-15,73.91,0,0.1334,0,1,train
2019-03-18,75.67,0,0.1491,0,1,train
2019-03-19,72.6,0,0.1167,0,1,train
2019-03-27,72.14,0,0.1567,0,1,train
2019-03-28,71.5,0,0.1109,0,1,train
2019-04-01,70.99,0,0.1696,0,1,train
2019-04-08,70.09,1,0.1006,0,0,train
2019-04-15,71.75,0,0.154,0,1,train
2019-04-16,71.07,0,0.0742,0,1,train
2019-04-17,71.18,0,0.0984,0,1,train
2019-04-24,70.0,0,0.0927,0,1,train
2019-04-25,70.73,0,0.092,0,1,train
2019-04-26,70.57,0,0.0438,0,1,train
2019-04-29,69.99,0,0.063,0,1,train
2019-04-30,69.43,0,0.1002,0,1,train
2019-05-02,69.02,0,0.1526,0,1,train
2019-05-03,68.26,0,0.2361,0,1,train
2019-05-06,68.0,0,0.367,0,1,train
2019-05-07,68.1,0,0.3659,0,1,train
2019-05-08,66.12,1,0.3162,0,0,train
2019-05-09,64.74,1,0.4878,0,0,train
2019-05-10,65.23,0,0.5193,1,0,train
2019-05-13,64.46,0,0.4245,0,1,train
2019-05-14,65.0,0,0.4429,0,1,train
2019-05-16,65.89,1,0.4053,0,0,train
2019-05-17,63.69,1,0.5647,1,1,train
2019-05-20,63.53,1,0.7164,1,1,train
2019-05-21,64.05,1,0.7176,1,1,train
2019-05-22,67.25,1,0.6753,1,1,train
2019-05-23,69.73,0,0.3895,0,1,train
2019-05-24,69.93,0,0.2566,0,1,train
2019-05-27,69.41,0,0.1707,0,1,train
2019-05-28,66.76,0,0.1495,0,1,train
2019-05-29,69.39,0,0.2443,0,1,train
2019-06-03,66.43,1,0.2285,0,0,train
2019-06-10,64.0,1,0.4607,0,0,train
2019-06-12,65.57,0,0.6638,1,0,train
2019-06-13,68.47,0,0.5807,1,0,train
2019-06-17,66.28,0,0.3454,0,1,train
2019-06-18,64.61,1,0.4038,0,0,train
2019-06-19,64.34,1,0.5903,1,1,train
2019-06-20,65.98,0,0.6249,1,0,train
2019-06-21,67.2,0,0.5345,1,0,train
2019-06-26,65.76,1,0.5055,1,1,train
2019-06-27,64.46,1,0.5331,1,1,train
2019-06-28,63.97,1,0.6452,1,1,train
2019-07-01,65.01,1,0.7602,1,1,train
2019-07-03,67.54,0,0.5852,1,0,train
2019-07-08,66.3,0,0.4223,0,1,train
2019-07-09,66.43,0,0.3257,0,1,train
2019-07-10,65.61,0,0.2894,0,1,train
2019-07-11,65.78,0,0.3013,0,1,train
2019-07-12,66.78,0,0.319,0,1,train
2019-07-15,65.32,0,0.3612,0,1,train
2019-07-18,64.0,1,0.469,0,0,train
2019-07-23,65.03,0,0.3401,0,1,train
2019-07-31,64.36,0,0.219,0,1,train
2019-08-01,64.76,0,0.2915,0,1,train
2019-08-02,65.04,0,0.2644,0,1,train
2019-08-05,64.22,0,0.3451,0,1,train
2019-08-06,64.0,0,0.3999,0,1,train
2019-08-07,61.99,1,0.3538,0,0,train
2019-08-08,63.87,1,0.4779,0,0,train
2019-08-09,62.91,1,0.4076,0,0,train
2019-08-16,60.88,1,0.5481,1,1,train
2019-08-19,62.36,1,0.6881,1,1,train
2019-08-21,66.55,0,0.6502,1,0,train
2019-08-22,67.14,0,0.5326,1,0,train
2019-08-26,64.43,1,0.5071,1,1,train
2019-08-27,64.59,1,0.7088,1,1,train
2019-08-28,65.0,1,0.6751,1,1,train
2019-08-29,66.04,1,0.6703,1,1,train
2019-08-30,65.85,1,0.6769,1,1,train
2019-09-02,66.06,1,0.7911,1,1,train
2019-09-03,65.72,1,0.7154,1,1,train
2019-09-04,66.78,1,0.6587,1,1,train
2019-09-11,69.36,0,0.5834,1,0,train
2019-09-12,70.83,0,0.5202,1,0,train
2019-09-13,71.97,0,0.3907,0,1,train
2019-09-16,67.02,1,0.2463,0,0,train
2019-09-19,68.93,0,0.5547,1,0,train
2019-09-20,69.02,0,0.4341,0,1,train
2019-09-26,67.21,1,0.6231,1,1,train
2019-09-27,67.78,1,0.8114,1,1,train
2019-10-02,67.89,1,0.8984,1,1,train
2019-10-03,68.02,1,0.9207,1,1,train
2019-10-11,69.45,1,0.9073,1,1,train
2019-10-14,69.2,1,0.8899,1,1,train
2019-10-15,68.76,1,0.8991,1,1,train
2019-10-16,68.85,1,0.8693,1,1,train
2019-10-17,69.07,1,0.7292,1,1,train
2019-10-18,72.14,0,0.642,1,0,train
2019-10-28,71.24,1,0.6164,1,1,train
2019-10-29,70.91,1,0.6316,1,1,train
2019-10-30,70.65,1,0.5888,1,1,train
2019-10-31,71.3,1,0.7064,1,1,train
2019-11-01,71.58,1,0.7956,1,1,train
2019-11-04,73.79,1,0.8883,1,1,train
2019-11-05,73.93,1,0.7249,1,1,train
2019-11-06,75.15,1,0.3291,0,0,train
2019-11-08,77.12,0,0.4485,0,1,train
2019-11-11,78.57,0,0.4522,0,1,train
2019-11-12,76.68,0,0.2086,0,1,train
2019-11-13,76.79,0,0.1809,0,1,train
2019-11-14,77.17,0,0.1417,0,1,train
2019-11-22,70.49,0,0.1737,0,1,train
2019-11-25,70.47,0,0.3004,0,1,train
2019-11-27,69.32,1,0.3786,0,0,train
2019-11-28,69.4,1,0.5272,1,1,train
2019-11-29,68.98,1,0.5361,1,1,train
2019-12-02,68.81,1,0.6669,1,1,train
2019-12-03,69.54,1,0.6755,1,1,train
2019-12-04,70.58,1,0.6109,1,1,train
2019-12-05,71.99,1,0.5907,1,1,train
2019-12-11,74.78,0,0.4856,0,1,train
2019-12-12,74.25,0,0.4037,0,1,train
2019-12-13,74.47,0,0.3439,0,1,train
2019-12-16,74.08,0,0.2538,0,1,train
2019-12-17,73.77,0,0.2637,0,1,train
2019-12-18,73.98,0,0.3506,0,1,train
2019-12-23,72.35,1,0.3308,0,0,train
2019-12-24,72.97,1,0.3697,0,0,train
2019-12-26,72.91,1,0.3656,0,0,train
2019-12-27,72.32,1,0.4563,0,0,train
2020-01-01,73.86,0,0.6236,1,0,train
2020-01-02,74.01,1,0.5852,1,1,train
2020-01-03,73.57,1,0.6782,1,1,train
2020-01-06,72.64,1,0.7379,1,1,train
2020-01-07,73.57,1,0.6854,1,1,train
2020-01-08,72.84,1,0.6357,1,1,train
2020-01-13,75.05,0,0.6708,1,0,train
2020-01-14,75.56,0,0.4722,0,1,train
2020-01-15,75.07,0,0.4344,0,1,train
2020-01-16,75.16,0,0.4248,0,1,train
2020-01-17,75.3,0,0.2767,0,1,train
2020-01-20,71.17,0,0.2403,0,1,train
2020-01-22,68.63,0,0.3003,0,1,train
2020-01-23,69.34,0,0.3156,0,1,train
2020-01-24,69.28,0,0.2701,0,1,train
2020-01-27,68.94,0,0.3134,0,1,train
2020-01-28,68.46,0,0.3535,0,1,train
2020-01-29,67.89,0,0.3318,0,1,train
2020-01-30,67.59,0,0.3136,0,1,train
2020-01-31,67.67,0,0.3156,0,1,train
2020-02-10,65.07,1,0.337,0,0,train
2020-02-11,65.23,1,0.4135,0,0,train
2020-02-14,66.42,0,0.3424,0,1,train
2020-02-17,65.77,0,0.2423,0,1,train
2020-02-18,66.2,0,0.226,0,1,train
2020-02-19,67.24,0,0.1856,0,1,train
2020-02-20,66.36,0,0.1228,0,1,train
2020-02-21,65.51,0,0.1325,0,1,train
2020-02-24,64.44,1,0.1826,0,0,train
2020-02-25,65.36,0,0.2928,0,1,train
2020-02-26,64.53,0,0.2103,0,1,train
2020-02-28,63.26,0,0.3361,0,1,train
2020-03-02,65.59,0,0.3691,0,1,train
2020-03-03,64.33,0,0.137,0,1,train
2020-03-04,63.21,0,0.1928,0,1,train
2020-03-05,63.31,0,0.2643,0,1,train
2020-03-06,61.83,0,0.309,0,1,train
2020-03-09,60.21,0,0.3781,0,1,train
2020-03-10,62.02,0,0.4479,0,1,train
2020-03-11,61.8,0,0.1563,0,1,train
2020-03-12,59.01,0,0.1975,0,1,train
2020-03-13,59.52,0,0.2775,0,1,train
2020-03-16,57.36,0,0.1926,0,1,train
2020-03-17,57.69,0,0.382,0,1,train
2020-03-18,53.38,0,0.502,1,0,train
2020-03-19,56.8,0,0.758,1,0,train
2020-03-20,56.31,0,0.5754,1,0,train
2020-03-24,52.09,1,0.549,1,1,train
2020-03-25,50.72,1,0.7,1,1,train
2020-03-26,52.06,1,0.7886,1,1,train
2020-03-27,55.42,1,0.7889,1,1,train
2020-03-31,57.66,0,0.7102,1,0,train
2020-04-01,56.75,0,0.5202,1,0,train
2020-04-02,57.15,0,0.4484,0,1,train
2020-04-03,57.39,0,0.4645,0,1,train
2020-04-07,55.42,0,0.5197,1,0,train
2020-04-09,55.8,0,0.569,1,0,train
2020-04-10,55.93,1,0.6515,1,1,train
2020-04-13,54.63,1,0.7563,1,1,train
2020-04-14,54.29,1,0.7814,1,1,train
2020-04-15,54.72,1,0.803,1,1,train
2020-04-16,53.79,1,0.8063,1,1,train
2020-04-17,57.82,1,0.8318,1,1,train
2020-04-20,56.88,1,0.6665,1,1,train
2020-04-22,59.35,1,0.7633,1,1,train
2020-04-23,60.81,1,0.7608,1,1,train
2020-04-24,59.58,1,0.7323,1,1,train
2020-04-27,59.5,1,0.8405,1,1,train
2020-04-28,59.01,1,0.8151,1,1,train
2020-04-30,61.66,0,0.8203,1,0,train
2020-05-04,62.7,0,0.7924,1,0,train
2020-05-06,61.54,1,0.7488,1,1,train
2020-05-07,60.93,1,0.7834,1,1,train
2020-05-08,60.63,1,0.8001,1,1,train
2020-05-11,60.44,1,0.8302,1,1,train
2020-05-12,61.85,1,0.7629,1,1,train
2020-05-14,62.98,0,0.6131,1,0,train
2020-05-15,63.33,0,0.5034,1,0,train
2020-05-18,62.86,0,0.4816,0,1,train
2020-05-19,62.56,0,0.4178,0,1,train
2020-05-20,62.12,0,0.4212,0,1,train
2020-05-21,61.31,0,0.3934,0,1,train
2020-06-04,59.98,1,0.3764,0,0,train
2020-06-08,60.9,0,0.2948,0,1,train
2020-06-09,60.46,0,0.2181,0,1,train
2020-06-10,60.31,0,0.1712,0,1,train
2020-06-11,61.08,0,0.2604,0,1,train
2020-06-12,60.57,0,0.2348,0,1,train
2020-06-18,57.79,1,0.529,1,1,train
2020-06-19,56.7,1,0.8181,1,1,train
2020-06-22,58.4,1,0.8441,1,1,train
2020-06-23,58.29,1,0.8062,1,1,train
2020-06-24,59.06,1,0.827,1,1,train
2020-06-25,59.67,1,0.8195,1,1,train
2020-06-26,60.31,1,0.8525,1,1,train
2020-06-29,59.53,1,0.9033,1,1,train
2020-06-30,60.28,1,0.9334,1,1,train
2020-07-01,61.31,1,0.9009,1,1,train
2020-07-02,62.38,1,0.9121,1,1,train
2020-07-06,62.67,1,0.8737,1,1,train
2020-07-07,62.17,1,0.9205,1,1,train
2020-07-08,62.09,1,0.9299,1,1,train
2020-07-15,63.35,1,0.9551,1,1,train
2020-07-17,63.14,1,0.9635,1,1,train
2020-07-22,64.01,1,0.9585,1,1,train
2020-07-23,63.99,1,0.9466,1,1,train
2020-07-24,64.02,1,0.9605,1,1,train
2020-07-27,64.52,1,0.9637,1,1,train
2020-07-28,64.57,1,0.8987,1,1,train
2020-07-29,65.03,1,0.8182,1,1,train
2020-07-30,66.62,1,0.7614,1,1,train
2020-08-03,67.26,1,0.5792,1,1,train
2020-08-04,66.55,1,0.5057,1,1,train
2020-08-05,66.89,1,0.4748,0,0,train
2020-08-06,68.03,0,0.3695,0,1,train
2020-08-07,67.76,0,0.2793,0,1,train
2020-08-10,68.32,0,0.3005,0,1,train
2020-08-11,68.45,0,0.2287,0,1,train
2020-08-12,67.79,0,0.2365,0,1,train
2020-08-13,65.89,0,0.317,0,1,train
2020-08-17,62.18,0,0.5687,1,0,train
2020-08-21,61.77,1,0.7827,1,1,train
2020-08-24,61.39,1,0.7134,1,1,train
2020-08-25,61.34,1,0.8058,1,1,train
2020-08-26,62.17,1,0.8867,1,1,train
2020-08-27,62.36,1,0.8359,1,1,train
2020-08-28,62.77,1,0.8312,1,1,train
2020-08-31,63.17,1,0.8048,1,1,train
2020-09-01,63.97,0,0.7949,1,0,train
2020-09-02,65.87,0,0.7841,1,0,train
2020-09-03,66.58,0,0.697,1,0,train
2020-09-04,66.2,0,0.652,1,0,train
2020-09-07,66.19,0,0.6181,1,0,train
2020-09-08,61.99,0,0.5673,1,0,train
2020-09-10,63.01,0,0.6541,1,0,train
2020-09-11,62.08,0,0.5261,1,0,train
2020-09-14,61.88,0,0.6024,1,0,train
2020-09-15,61.3,0,0.5724,1,0,train
2020-09-16,61.01,0,0.5902,1,0,train
2020-09-17,60.86,1,0.5473,1,1,train
2020-09-18,60.85,1,0.5348,1,1,train
2020-09-21,60.28,1,0.4933,0,0,train
2020-09-22,59.75,1,0.461,0,0,train
2020-09-23,60.18,1,0.47,0,0,train
2020-09-24,61.93,0,0.4167,0,1,train
2020-09-25,61.67,0,0.3256,0,1,train
2020-09-28,61.32,0,0.4106,0,1,train
2020-09-29,61.49,0,0.3669,0,1,train
2020-09-30,60.82,0,0.379,0,1,train
2020-10-02,60.0,1,0.4383,0,0,train
2020-10-05,58.9,1,0.4754,0,0,train
2020-10-06,58.94,1,0.5624,1,1,train
2020-10-07,59.42,1,0.5127,1,1,train
2020-10-12,61.23,1,0.5382,1,1,train
2020-10-13,61.26,1,0.5295,1,1,train
2020-10-14,61.76,1,0.4586,0,0,train
2020-10-15,61.33,1,0.3913,0,0,train
2020-10-16,61.52,1,0.4226,0,0,train
2020-10-19,63.2,1,0.3514,0,0,train
2020-10-20,63.55,1,0.2289,0,0,train
2020-10-21,66.68,0,0.1942,0,1,train
2020-10-22,65.99,0,0.1775,0,1,train
2020-10-23,66.04,0,0.1828,0,1,train
2020-10-28,64.82,1,0.1798,0,0,train
2020-10-29,64.38,1,0.223,0,0,train
2020-11-02,64.6,1,0.3223,0,0,train
2020-11-03,65.49,1,0.3407,0,0,train
2020-11-04,65.18,1,0.3392,0,0,train
2020-11-05,65.84,1,0.2939,0,0,train
2020-11-06,65.62,1,0.1994,0,0,train
2020-11-09,66.01,1,0.1881,0,0,train
2020-11-16,67.14,0,0.1876,0,1,train
2020-11-17,66.96,0,0.2315,0,1,train
2020-11-18,66.98,0,0.2742,0,1,train
2020-11-19,66.92,0,0.2463,0,1,train
2020-11-20,66.97,0,0.2066,0,1,train
2020-11-23,66.33,0,0.1995,0,1,train
2020-11-24,61.85,0,0.364,0,1,train
2020-12-07,60.49,1,0.6925,1,1,train
2020-12-08,61.07,1,0.7851,1,1,train
2020-12-09,61.58,1,0.8203,1,1,train
2020-12-10,61.65,1,0.8195,1,1,train
2020-12-11,61.46,1,0.7992,1,1,train
2020-12-17,63.99,0,0.7707,1,0,train
2020-12-24,62.8,1,0.576,1,1,train
2020-12-28,63.0,1,0.7549,1,1,train
2020-12-29,62.65,1,0.7746,1,1,train
2020-12-31,63.23,1,0.8067,1,1,train
2021-01-01,63.86,1,0.7991,1,1,train
2021-01-04,63.82,1,0.75,1,1,train
2021-01-05,63.66,1,0.7035,1,1,train
2021-01-06,63.67,1,0.6929,1,1,train
2021-01-07,65.74,1,0.6409,1,1,train
2021-01-11,66.69,0,0.4858,0,1,train
2021-01-12,66.84,0,0.4929,0,1,train
2021-01-13,67.03,0,0.5015,1,0,train
2021-01-14,66.78,0,0.4957,0,1,train
2021-01-15,66.03,0,0.5053,1,0,train
2021-01-18,65.98,0,0.5505,1,0,train
2021-01-29,64.87,0,0.3388,0,1,train
2021-02-01,64.83,0,0.4056,0,1,train
2021-02-02,65.25,0,0.3811,0,1,train
2021-02-03,65.59,0,0.3555,0,1,train
2021-02-04,65.18,0,0.363,0,1,train
2021-02-08,63.8,1,0.4081,0,0,train
2021-02-09,63.5,1,0.5458,1,1,train
2021-02-10,62.97,1,0.5176,1,1,train
2021-02-11,62.92,1,0.5768,1,1,train
2021-02-12,63.15,1,0.5975,1,1,train
2021-02-24,64.48,1,0.5044,1,1,train
2021-03-03,65.63,0,0.4884,0,1,train
2021-03-04,65.25,0,0.3805,0,1,train
2021-03-05,65.78,0,0.4219,0,1,train
2021-03-09,65.25,1,0.4111,0,0,train
2021-03-10,64.91,1,0.4308,0,0,train
2021-03-11,64.15,1,0.4569,0,0,train
2021-03-12,64.47,0,0.4922,0,1,train
2021-03-15,65.22,0,0.5036,1,0,train
2021-03-16,66.7,0,0.3446,0,1,train
2021-03-17,67.27,0,0.3143,0,1,train
2021-03-18,67.01,0,0.3883,0,1,train
2021-03-22,63.42,0,0.5295,1,0,train
2021-03-24,63.05,0,0.5494,1,0,train
2021-04-05,62.22,1,0.6937,1,1,train
2021-04-06,62.31,1,0.7885,1,1,train
2021-04-07,61.95,1,0.8514,1,1,train
2021-04-08,62.12,1,0.8802,1,1,train
2021-04-09,62.2,1,0.8302,1,1,train
2021-04-12,63.06,1,0.821,1,1,train
2021-04-13,63.88,1,0.8412,1,1,train
2021-04-14,63.82,1,0.8217,1,1,train
2021-04-15,63.37,1,0.8178,1,1,train
2021-04-16,63.74,1,0.7947,1,1,train
2021-04-19,65.25,1,0.7567,1,1,train
2021-04-20,65.9,1,0.6851,1,1,train
2021-04-21,66.81,1,0.6564,1,1,train
2021-04-22,66.54,1,0.6011,1,1,train
2021-04-23,65.97,1,0.7305,1,1,train
2021-04-30,66.98,1,0.8501,1,1,train
2021-05-03,67.25,1,0.9028,1,1,train
2021-05-17,68.22,1,0.9059,1,1,train
2021-05-18,68.12,1,0.8928,1,1,train
2021-05-19,67.97,1,0.8802,1,1,train
2021-05-20,68.0,1,0.8547,1,1,train
2021-05-21,68.19,1,0.8396,1,1,train
2021-05-24,69.0,1,0.8092,1,1,train
2021-05-25,70.17,1,0.7135,1,1,train
2021-05-26,70.81,1,0.5877,1,1,train
2021-05-27,70.63,1,0.5233,1,1,train
2021-05-28,70.78,1,0.5858,1,1,train
2021-05-31,71.22,1,0.5215,1,1,train
2021-06-01,71.66,0,0.5184,1,0,train
2021-06-02,71.54,0,0.3965,0,1,train
2021-06-03,71.72,0,0.3957,0,1,train
2021-06-08,68.83,1,0.3706,0,0,train
2021-06-09,69.37,1,0.6461,1,1,train
2021-06-11,72.03,0,0.5208,1,0,train
2021-06-14,71.87,0,0.4428,0,1,train
2021-06-15,70.84,0,0.5253,1,0,train
2021-06-18,69.6,1,0.6422,1,1,train
2021-06-21,69.47,1,0.5885,1,1,train
2021-06-22,69.44,1,0.5402,1,1,train
2021-06-28,70.4,1,0.692,1,1,train
2021-06-29,70.18,1,0.8369,1,1,train
2021-06-30,70.27,1,0.8437,1,1,train
2021-07-01,70.56,1,0.8913,1,1,train
2021-07-02,70.86,1,0.9063,1,1,train
2021-07-05,71.63,1,0.8722,1,1,train
2021-07-06,71.95,1,0.8718,1,1,train
2021-07-08,73.7,0,0.8428,1,0,train
2021-07-09,73.03,0,0.7376,1,0,train
2021-07-12,73.38,0,0.7273,1,0,train
2021-07-13,73.58,0,0.6644,1,0,train
2021-07-14,72.39,1,0.5699,1,1,train
2021-07-15,71.98,1,0.5716,1,1,train
2021-07-16,71.98,1,0.5775,1,1,train
2021-07-19,72.45,1,0.5223,1,1,train
2021-07-23,72.37,1,0.3849,0,0,train
2021-07-26,74.09,1,0.4158,0,0,train
2021-07-27,74.44,1,0.3147,0,0,train
2021-07-28,74.37,1,0.2616,0,0,train
2021-07-29,75.23,1,0.2519,0,0,train
2021-07-30,76.08,1,0.2207,0,0,train
2021-08-04,77.88,0,0.1924,0,1,train
2021-08-05,77.54,0,0.1697,0,1,train
2021-08-06,77.38,0,0.1523,0,1,train
2021-08-12,76.01,1,0.1464,0,0,train
2021-08-13,76.09,1,0.2067,0,0,train
2021-09-03,77.14,0,0.1974,0,1,train
2021-09-06,77.38,0,0.1715,0,1,train
2021-09-07,77.41,0,0.1506,0,1,train
2021-09-08,77.58,0,0.1545,0,1,train
2021-09-09,77.62,0,0.1746,0,1,train
2021-09-10,74.06,0,0.2002,0,1,train
2021-09-13,73.76,0,0.3101,0,1,train
2021-09-14,73.83,0,0.2868,0,1,train
2021-09-15,73.19,0,0.2824,0,1,train
2021-09-16,72.84,0,0.2952,0,1,train
2021-09-17,72.94,0,0.2677,0,1,train
2021-09-20,72.82,0,0.3017,0,1,train
2021-09-22,72.44,0,0.3127,0,1,train
2021-09-23,72.05,0,0.369,0,1,train
2021-09-24,71.82,0,0.3847,0,1,train
2021-09-27,71.8,0,0.4217,0,1,train
2021-09-28,72.16,0,0.4514,0,1,train
2021-10-06,70.62,0,0.383,0,1,train
2021-10-07,70.86,0,0.4126,0,1,train
2021-10-08,70.75,1,0.3816,0,0,train
2021-10-11,70.68,1,0.4146,0,0,train
2021-10-12,69.82,1,0.4205,0,0,train
2021-10-13,68.99,1,0.4511,0,0,train
2021-10-14,70.03,1,0.4552,0,0,train
2021-10-15,71.54,0,0.3508,0,1,train
2021-10-18,72.94,0,0.3139,0,1,train
2021-10-20,74.06,0,0.2126,0,1,train
2021-10-21,74.74,0,0.173,0,1,train
2021-10-22,73.84,0,0.167,0,1,train
2021-10-25,70.13,1,0.1865,0,0,train
2021-10-26,70.86,1,0.317,0,0,train
2021-10-27,71.93,1,0.3216,0,0,train
2021-10-28,71.01,1,0.2927,0,0,train
2021-10-29,71.42,1,0.4266,0,0,train
2021-11-01,72.23,1,0.4043,0,0,train
2021-11-02,72.42,1,0.3233,0,0,train
2021-11-03,72.92,1,0.3015,0,0,train
2021-11-04,73.85,1,0.3203,0,0,train
2021-11-05,74.59,1,0.294,0,0,train
2021-11-08,75.76,1,0.286,0,0,train
2021-11-09,75.43,1,0.2654,0,0,train
2021-11-11,77.29,0,0.2679,0,1,train
2021-11-16,77.46,0,0.2234,0,1,train
2021-11-17,76.41,0,0.1701,0,1,train
2021-11-18,75.25,0,0.2135,0,1,train
2021-11-19,76.32,0,0.2786,0,1,train
2021-11-22,76.12,0,0.2183,0,1,train
2021-11-23,75.5,0,0.2856,0,1,train
2021-11-25,73.58,0,0.3714,0,1,train
2021-11-26,74.05,0,0.4251,0,1,train
2021-11-29,75.13,0,0.3754,0,1,train
2021-12-02,70.65,1,0.3477,0,0,train
2021-12-03,72.68,1,0.8995,1,1,train
2021-12-06,73.08,1,0.8881,1,1,train
2021-12-07,73.82,1,0.8696,1,1,train
2021-12-08,73.86,1,0.8537,1,1,train
2021-12-09,73.42,1,0.8228,1,1,train
2021-12-10,74.26,1,0.8234,1,1,train
2021-12-22,75.11,1,0.7626,1,1,train
2021-12-24,75.3,1,0.7364,1,1,train
2021-12-27,75.33,1,0.7316,1,1,train
2021-12-28,75.67,1,0.7618,1,1,train
2021-12-29,75.9,1,0.844,1,1,train
2021-12-30,75.66,1,0.8504,1,1,train
2021-12-31,76.09,1,0.8787,1,1,train
2022-01-03,76.45,1,0.8763,1,1,train
2022-01-04,76.85,1,0.8613,1,1,train
2022-01-05,77.81,1,0.7667,1,1,train
2022-01-06,78.92,1,0.7842,1,1,train
2022-01-07,81.3,0,0.6537,1,0,train
2022-01-10,78.87,1,0.4171,0,0,train
2022-01-13,80.59,0,0.6394,1,0,train
2022-01-14,80.48,0,0.6506,1,0,train
2022-01-20,79.59,1,0.7194,1,1,train
2022-01-21,79.14,1,0.7059,1,1,train
2022-01-24,80.63,1,0.7661,1,1,train
2022-01-25,80.29,1,0.7044,1,1,train
2022-01-26,80.24,1,0.8438,1,1,train
2022-01-27,80.54,1,0.9283,1,1,train
2022-01-28,81.12,1,0.9061,1,1,train
2022-01-31,82.21,1,0.8847,1,1,train
2022-02-01,83.18,1,0.8623,1,1,train
2022-02-02,83.11,1,0.8741,1,1,train
2022-02-04,84.09,0,0.9097,1,0,train
2022-02-09,84.84,0,0.8319,1,0,train
2022-02-11,83.07,1,0.7827,1,1,train
2022-02-14,83.53,1,0.8774,1,1,train
2022-02-15,84.19,1,0.8266,1,1,train
2022-02-16,83.87,1,0.8086,1,1,train
2022-02-17,84.91,1,0.8483,1,1,train
2022-02-21,86.2,1,0.7537,1,1,train
2022-02-22,86.21,1,0.7779,1,1,train
2022-02-23,86.59,1,0.6342,1,1,train
2022-02-24,86.25,1,0.4907,0,0,train
2022-02-25,87.17,1,0.4432,0,0,train
2022-03-02,87.89,1,0.3937,0,0,train
2022-03-03,88.47,1,0.3684,0,0,train
2022-03-09,89.69,0,0.2544,0,1,train
2022-03-10,89.8,0,0.2097,0,1,train
2022-03-11,89.63,0,0.1831,0,1,train
2022-03-14,87.46,1,0.1957,0,0,train
2022-03-15,87.04,1,0.2722,0,0,train
2022-03-16,86.66,1,0.3034,0,0,train
2022-03-17,86.18,1,0.3645,0,0,train
2022-03-18,88.59,1,0.6482,1,1,train
2022-03-21,88.81,1,0.4072,0,0,train
2022-03-22,89.0,1,0.3972,0,0,train
2022-03-24,90.21,1,0.4409,0,0,train
2022-03-29,91.1,1,0.4945,0,0,train
2022-03-30,90.8,1,0.7136,1,1,train
2022-04-01,90.58,1,0.8716,1,1,train
2022-04-04,90.52,1,0.8503,1,1,train
2022-04-05,92.2,1,0.861,1,1,train
2022-04-06,92.77,1,0.7922,1,1,train
2022-04-07,92.32,1,0.7676,1,1,train
2022-04-08,92.21,1,0.8113,1,1,train
2022-04-12,93.92,1,0.9123,1,1,train
2022-04-13,93.78,1,0.8758,1,1,train
2022-04-14,94.51,1,0.8377,1,1,train
2022-04-15,94.22,1,0.7579,1,1,train
2022-04-18,93.96,1,0.8029,1,1,train
2022-04-19,96.26,1,0.7978,1,1,train
2022-04-21,97.02,0,0.5208,1,0,train
2022-04-22,96.04,0,0.391,0,1,train
2022-04-25,98.97,0,0.5217,1,0,train
2022-04-26,101.01,0,0.378,0,1,train
2022-04-27,95.02,0,0.2796,0,1,train
2022-04-28,95.15,0,0.3934,0,1,train
2022-05-06,94.13,0,0.327,0,1,train
2022-05-09,91.78,0,0.4474,0,1,train
2022-05-10,91.99,0,0.4743,0,1,train
2022-05-12,89.69,1,0.3476,0,0,train
2022-05-13,89.88,1,0.4823,0,0,train
2022-05-18,90.17,0,0.4672,0,1,train
2022-05-19,91.05,0,0.4729,0,1,train
2022-05-20,90.85,0,0.4084,0,1,train
2022-05-23,89.03,0,0.5154,1,0,train
2022-05-24,88.2,0,0.6249,1,0,train
2022-05-25,84.93,1,0.7395,1,1,train
2022-05-26,85.89,1,0.8425,1,1,train
2022-05-31,86.71,1,0.8191,1,1,train
2022-06-01,89.4,0,0.7649,1,0,train
2022-06-03,87.3,1,0.6191,1,1,train
2022-06-09,88.01,1,0.6392,1,1,train
2022-06-13,87.99,1,0.6562,1,1,train
2022-06-14,88.47,1,0.6291,1,1,train
2022-06-15,88.89,1,0.6275,1,1,train
2022-06-16,89.63,1,0.5986,1,1,train
2022-06-17,89.51,0,0.6083,1,0,train
2022-06-21,90.56,0,0.5893,1,0,train
2022-06-22,91.16,0,0.5864,1,0,train
2022-06-23,91.56,0,0.5503,1,0,train
2022-06-24,88.16,1,0.496,0,0,train
2022-06-30,88.64,1,0.5675,1,1,train
2022-07-01,90.71,0,0.4116,0,1,train
2022-07-05,88.68,1,0.3585,0,0,train
2022-07-06,88.65,1,0.3506,0,0,train
2022-07-07,89.76,0,0.2973,0,1,train
2022-07-13,89.31,0,0.2788,0,1,train
2022-07-14,90.62,0,0.2322,0,1,train
2022-07-15,90.38,0,0.2053,0,1,train
2022-07-18,89.78,0,0.2088,0,1,train
2022-07-19,87.75,0,0.2626,0,1,train
2022-07-20,86.01,0,0.3935,0,1,train
2022-07-21,82.93,0,0.5376,1,0,train
2022-07-22,84.82,0,0.6726,1,0,train
2022-07-25,85.6,0,0.5852,1,0,train
2022-07-26,85.64,0,0.5039,1,0,train
2022-07-27,84.01,0,0.4813,0,1,train
2022-07-29,79.0,1,0.6435,1,1,train
2022-08-01,77.29,1,0.665,1,1,train
2022-08-02,79.52,0,0.6621,1,0,train
2022-08-11,78.53,1,0.571,1,1,train
2022-08-16,80.14,1,0.6515,1,1,train
2022-08-17,80.15,1,0.5534,1,1,train
2022-08-18,79.99,1,0.3242,0,0,train
2022-08-22,79.5,1,0.3597,0,0,train
2022-08-24,81.75,1,0.2941,0,0,train
2022-08-25,81.14,1,0.2793,0,0,train
2022-08-26,80.54,1,0.3024,0,0,train
2022-08-31,84.09,0,0.3142,0,1,train
2022-09-01,83.2,0,0.1803,0,1,train
2022-09-02,83.68,0,0.2281,0,1,train
2022-09-05,83.14,0,0.243,0,1,train
2022-09-06,82.24,0,0.2467,0,1,train
2022-09-07,80.98,1,0.2804,0,0,train
2022-09-12,81.57,0,0.3946,0,1,train
2022-09-13,81.03,0,0.1905,0,1,train
2022-09-14,81.84,0,0.2464,0,1,train
2022-09-15,80.49,0,0.2012,0,1,train
2022-09-16,80.43,0,0.3486,0,1,train
2022-09-19,79.72,0,0.3806,0,1,train
2022-09-26,77.15,1,0.4261,0,0,train
2022-09-27,79.99,0,0.483,0,1,train
2022-09-28,78.2,1,0.2847,0,0,train
2022-09-29,77.99,1,0.4565,0,0,train
2022-09-30,78.02,1,0.4301,0,0,train
2022-10-03,78.04,1,0.3924,0,0,train
2022-10-04,78.03,1,0.3856,0,0,train
2022-10-05,79.96,1,0.3511,0,0,train
2022-10-06,82.8,0,0.2535,0,1,train
2022-10-07,81.96,0,0.1873,0,1,train
2022-10-14,80.75,1,0.2038,0,0,train
2022-10-17,81.2,0,0.1924,0,1,train
2022-11-21,81.49,0,0.1599,0,1,train
2022-12-06,81.21,1,0.1469,0,0,train
2022-12-08,81.53,0,0.1695,0,1,train
2022-12-09,81.3,0,0.1683,0,1,train
2022-12-12,81.24,0,0.1778,0,1,train
2022-12-13,82.14,0,0.1637,0,1,train
2022-12-14,81.82,0,0.1418,0,1,train
2022-12-15,79.57,0,0.186,0,1,train
2022-12-16,80.41,0,0.4201,0,1,train
2022-12-19,80.02,0,0.2991,0,1,train
2022-12-20,78.96,0,0.2923,0,1,train
2022-12-21,78.61,0,0.4388,0,1,train
2022-12-22,78.35,0,0.5938,1,0,train
2022-12-23,77.86,0,0.6382,1,0,train
2022-12-26,78.52,1,0.5109,1,1,train
2022-12-27,76.32,1,0.5787,1,1,train
2022-12-28,74.91,1,0.7885,1,1,train
2022-12-29,77.25,1,0.7637,1,1,train
2022-12-30,76.89,1,0.6602,1,1,train
2023-01-05,79.99,0,0.6413,1,0,train
2023-01-06,80.05,0,0.3165,0,1,train
2023-01-09,79.97,0,0.2718,0,1,train
2023-01-10,80.08,0,0.2476,0,1,train
2023-01-11,80.04,0,0.233,0,1,train
2023-01-12,79.08,0,0.2834,0,1,train
2023-03-07,86.99,1,0.2389,0,0,val
2023-03-08,86.85,1,0.278,0,0,val
2023-03-09,87.85,1,0.2485,0,0,val
2023-03-13,90.01,0,0.1396,0,1,val
2023-03-14,89.85,0,0.1328,0,1,val
2023-03-15,89.91,0,0.1642,0,1,val
2023-03-16,90.83,0,0.1737,0,1,val
2023-03-17,89.8,0,0.1867,0,1,val
2023-03-20,83.25,0,0.256,0,1,val
2023-03-22,81.93,1,0.4742,0,0,val
2023-03-24,80.63,1,0.4596,0,0,val
2023-03-27,81.56,1,0.5361,1,1,val
2023-03-28,81.99,1,0.5043,1,1,val
2023-03-29,83.29,1,0.5652,1,1,val
2023-03-30,82.95,1,0.4744,0,0,val
2023-04-05,85.2,1,0.4255,0,0,val
2023-04-06,85.39,1,0.5205,1,1,val
2023-04-07,84.66,1,0.5292,1,1,val
2023-04-10,85.4,1,0.558,1,1,val
2023-04-11,85.33,1,0.5079,1,1,val
2023-04-12,86.7,1,0.4838,0,0,val
2023-04-13,86.62,0,0.5184,1,0,val
2023-04-17,86.43,0,0.6274,1,0,val
2023-04-18,86.89,0,0.6875,1,0,val
2023-04-19,87.32,0,0.7355,1,0,val
2023-04-20,87.77,0,0.6742,1,0,val
2023-04-26,83.74,1,0.6466,1,1,val
2023-04-27,83.95,1,0.7472,1,1,val
2023-04-28,83.98,1,0.7631,1,1,val
2023-05-02,84.19,1,0.831,1,1,val
2023-05-03,84.64,1,0.775,1,1,val
2023-05-04,87.2,0,0.739,1,0,val
2023-05-05,86.95,0,0.5636,1,0,val
2023-05-08,87.0,0,0.5406,1,0,val
2023-05-16,86.39,0,0.5598,1,0,val
2023-05-17,86.1,0,0.5236,1,0,val
2023-05-18,85.97,0,0.5054,1,0,val
2023-05-19,85.66,0,0.4423,0,1,val
2023-05-23,84.59,1,0.4663,0,0,val
2023-05-24,84.2,1,0.5109,1,1,val
2023-05-25,84.53,1,0.504,1,1,val
2023-05-26,84.07,1,0.4206,0,0,val
2023-05-30,85.49,1,0.3961,0,0,val
2023-06-06,86.41,0,0.2613,0,1,val
2023-06-07,86.15,0,0.2138,0,1,val
2023-06-08,85.82,0,0.2575,0,1,val
2023-06-09,86.16,0,0.2909,0,1,val
2023-06-12,85.42,0,0.2522,0,1,val
2023-06-13,84.88,0,0.2588,0,1,val
2023-06-14,84.05,0,0.3081,0,1,val
2023-06-15,83.28,0,0.3644,0,1,val
2023-06-16,82.39,0,0.4269,0,1,val
2023-06-19,81.18,1,0.5595,1,1,val
2023-06-20,80.96,1,0.6761,1,1,val
2023-06-21,80.53,1,0.6024,1,1,val
2023-06-22,80.15,1,0.6741,1,1,val
2023-06-23,80.04,1,0.7684,1,1,val
2023-06-26,83.94,0,0.7961,1,0,val
2023-07-03,87.11,0,0.5445,1,0,val
2023-07-05,82.29,1,0.3945,0,0,val
2023-07-11,83.28,0,0.514,1,0,val
2023-07-12,83.12,0,0.4872,0,1,val
2023-07-13,83.03,0,0.5825,1,0,val
2023-07-19,81.96,1,0.6062,1,1,val
2023-07-26,83.48,0,0.6143,1,0,val
2023-07-31,82.07,0,0.5098,1,0,val
2023-08-01,82.94,0,0.5848,1,0,val
2023-08-02,82.84,0,0.465,0,1,val
2023-08-03,82.1,0,0.4352,0,1,val
2023-08-04,81.56,0,0.5054,1,0,val
2023-08-07,78.92,1,0.5453,1,1,val
2023-08-08,78.33,1,0.6625,1,1,val
2023-08-09,77.95,1,0.688,1,1,val
2023-08-10,77.92,1,0.6992,1,1,val
2023-08-15,79.97,0,0.6971,1,0,val
2023-08-23,79.13,0,0.5812,1,0,val
2023-08-24,79.8,0,0.6073,1,0,val
2023-08-25,79.74,0,0.7263,1,0,val
2023-08-28,79.31,0,0.7028,1,0,val
2023-08-30,77.96,0,0.6796,1,0,val
2023-09-04,77.46,0,0.7032,1,0,val
2023-09-05,77.59,0,0.8011,1,0,val
2023-09-06,77.09,0,0.8304,1,0,val
2023-09-07,77.0,0,0.7823,1,0,val
2023-09-25,76.0,1,0.695,1,1,val
2023-09-26,75.37,1,0.7869,1,1,val
2023-09-27,76.12,1,0.8408,1,1,val
2023-09-28,75.92,1,0.873,1,1,val
2023-10-02,76.07,1,0.8716,1,1,val
2023-10-03,78.42,1,0.7683,1,1,val
2023-10-04,80.77,1,0.4954,0,0,val
2023-10-05,82.19,1,0.2335,0,0,val
2023-10-06,82.05,1,0.1642,0,0,val
2023-10-09,82.65,1,0.1825,0,0,val
2023-10-10,83.2,1,0.1241,0,0,val
2023-10-11,84.85,1,0.1175,0,0,val
2023-10-13,88.34,1,0.1023,0,0,val
2023-10-16,87.99,1,0.1201,0,0,val
2023-10-18,86.96,0,0.1673,0,1,val
2023-10-19,88.64,0,0.3511,0,1,val
2023-10-20,90.33,0,0.3306,0,1,val
2023-10-23,92.94,0,0.2783,0,1,val
2023-10-25,85.84,1,0.2807,0,0,val
2023-10-26,86.0,1,0.8792,1,1,val
2023-10-27,86.2,1,0.868,1,1,val
2023-10-31,87.07,1,0.7545,1,1,val
2023-11-01,87.93,1,0.8402,1,1,val
2023-11-02,87.51,1,0.7433,1,1,val
2023-11-03,87.54,1,0.6884,1,1,val
2023-11-06,88.35,1,0.4923,0,0,val
2023-11-07,90.28,1,0.3275,0,0,val
2023-11-08,91.35,1,0.2354,0,0,val
2023-11-10,95.8,1,0.2405,0,0,val
2023-11-13,101.36,0,0.2638,0,1,val
2023-11-14,98.93,0,0.2548,0,1,val
2023-11-15,96.93,1,0.3347,0,0,val
2023-11-16,101.17,0,0.4077,0,1,val
2023-11-21,97.79,1,0.3836,0,0,val
2023-11-22,97.99,1,0.3376,0,0,val
2023-11-23,98.27,1,0.3232,0,0,val
2023-11-24,97.8,1,0.3586,0,0,val
2023-11-27,97.9,1,0.3934,0,0,val
2023-11-30,100.92,1,0.3246,0,0,val
2023-12-01,101.53,1,0.3139,0,0,val
2023-12-04,101.33,1,0.3428,0,0,val
2023-12-05,101.16,1,0.3771,0,0,val
2023-12-06,101.28,1,0.3188,0,0,val
2023-12-07,103.91,1,0.3704,0,0,val
2023-12-08,108.78,1,0.2476,0,0,val
2023-12-11,112.71,0,0.2652,0,1,val
2023-12-12,114.72,0,0.2196,0,1,val
2023-12-13,110.12,0,0.1882,0,1,val
2023-12-14,111.36,0,0.3053,0,1,val
2023-12-15,112.56,0,0.2431,0,1,val
2023-12-18,110.93,0,0.2418,0,1,val
2023-12-20,108.59,1,0.3054,0,0,val
2023-12-21,108.98,1,0.3219,0,0,val
2023-12-22,107.83,1,0.3235,0,0,val
2023-12-26,104.15,1,0.3736,0,0,val
2023-12-27,107.9,1,0.4741,0,0,val
2023-12-28,110.11,1,0.3435,0,0,val
2023-12-29,112.23,1,0.2963,0,0,val
2024-01-01,115.62,1,0.2801,0,0,val
2024-01-02,114.84,1,0.2706,0,0,val
2024-01-03,115.87,1,0.3282,0,0,val
2024-01-04,117.42,1,0.318,0,0,val
2024-01-05,117.35,1,0.3095,0,0,val
2024-01-08,121.54,0,0.3204,0,1,val
2024-01-09,123.46,0,0.2656,0,1,val
2024-01-12,123.24,0,0.2233,0,1,val
2024-01-15,120.22,1,0.2087,0,0,val
2024-01-16,119.38,1,0.2592,0,0,val
2024-01-17,122.62,1,0.267,0,0,val
2024-01-18,121.45,1,0.2122,0,0,val
2024-01-19,121.22,1,0.2479,0,0,val
2024-01-23,127.24,0,0.2773,0,1,val
2024-01-24,127.26,0,0.232,0,1,val
2024-01-25,129.39,0,0.2346,0,1,val
2024-01-26,128.38,0,0.2216,0,1,val
2024-01-29,123.07,1,0.2944,0,0,val
2024-01-30,121.85,1,0.4095,0,0,val
2024-01-31,122.13,1,0.4083,0,0,val
2024-02-02,124.16,1,0.3872,0,0,val
2024-02-06,126.41,1,0.3401,0,0,val
2024-02-09,124.81,1,0.3183,0,0,val
2024-02-12,121.38,1,0.3608,0,0,val
2024-02-13,125.56,1,0.4421,0,0,val
2024-02-14,128.74,1,0.3026,0,0,val
2024-02-15,127.18,1,0.2221,0,0,val
2024-02-16,129.88,1,0.2672,0,0,val
2024-02-19,131.03,1,0.2227,0,0,val
2024-02-20,129.93,1,0.2269,0,0,val
2024-02-21,132.02,1,0.2402,0,0,val
2024-02-22,134.95,1,0.2105,0,0,val
2024-02-23,135.17,1,0.227,0,0,val
2024-02-26,135.39,1,0.2205,0,0,val
2024-02-27,136.54,1,0.2244,0,0,val
2024-02-28,140.3,1,0.217,0,0,val
2024-03-07,146.08,1,0.198,0,0,val
2024-03-08,147.24,0,0.2106,0,1,val
2024-03-11,147.61,0,0.2002,0,1,val
2024-03-12,147.45,0,0.1983,0,1,val
2024-03-13,147.04,0,0.1989,0,1,val
2024-03-14,148.18,0,0.2496,0,1,val
2024-03-15,142.03,1,0.2636,0,0,val
2024-03-18,143.36,1,0.4168,0,0,val
2024-03-20,145.05,1,0.3043,0,0,val
2024-03-21,144.91,1,0.2126,0,0,val
2024-03-22,144.37,1,0.1911,0,0,val
2024-03-27,147.08,1,0.2067,0,0,val
2024-03-28,147.65,1,0.1651,0,0,val
2024-03-29,146.72,1,0.1531,0,0,val
2024-04-01,146.37,1,0.1881,0,0,val
2024-04-02,145.23,1,0.19,0,0,val
2024-04-04,152.12,0,0.2273,0,1,val
2024-04-08,151.54,1,0.1538,0,0,val
2024-04-09,154.27,1,0.1272,0,0,val
2024-04-15,152.13,1,0.1179,0,0,val
2024-04-16,150.51,1,0.1241,0,0,val
2024-04-17,148.02,1,0.1331,0,0,val
2024-04-18,154.14,1,0.1387,0,0,val
2024-04-19,157.37,1,0.1099,0,0,val
2024-04-23,161.37,0,0.0723,0,1,val
2024-04-24,163.08,0,0.069,0,1,val
2024-04-25,165.01,0,0.0624,0,1,val
2024-04-26,175.01,0,0.0581,0,1,val
2024-04-29,160.09,0,0.0632,0,1,val
2024-04-30,157.8,0,0.1072,0,1,val
2024-05-02,155.08,0,0.1125,0,1,val
2024-05-03,154.93,0,0.1015,0,1,val
2024-05-06,155.35,0,0.102,0,1,val
2024-05-08,151.1,1,0.0895,0,0,val
2024-05-09,148.52,1,0.1141,0,0,val
2024-05-10,145.14,1,0.1499,0,0,val
2024-05-13,145.86,1,0.1949,0,0,val
2024-05-14,152.21,1,0.1429,0,0,val
2024-05-16,152.46,1,0.1107,0,0,val
2024-05-17,154.22,1,0.1287,0,0,val
2024-05-20,154.99,1,0.1221,0,0,val
2024-05-21,154.57,1,0.1242,0,0,val
2024-05-22,155.04,1,0.1552,0,0,val
2024-05-23,154.98,1,0.175,0,0,val
2024-05-31,160.38,0,0.2223,0,1,val
2024-06-06,158.11,1,0.1938,0,0,val
2024-06-07,158.62,1,0.2959,0,0,val
2024-06-10,157.34,1,0.3357,0,0,val
2024-06-11,157.51,1,0.3679,0,0,val
2024-06-12,158.14,1,0.3851,0,0,val
2024-06-20,168.24,0,0.3948,0,1,val
2024-06-21,164.13,1,0.3101,0,0,val
2024-06-24,164.14,1,0.3875,0,0,val
2024-06-25,163.62,1,0.2923,0,0,val
2024-06-26,164.91,1,0.2996,0,0,val
2024-06-27,166.51,1,0.2115,0,0,val
2024-06-28,166.22,1,0.1932,0,0,val
2024-07-01,170.09,0,0.218,0,1,val
2024-07-02,170.81,0,0.1632,0,1,val
2024-07-08,167.2,1,0.14,0,0,val
2024-07-09,168.67,1,0.1559,0,0,val
2024-07-10,167.68,1,0.1652,0,0,val
2024-07-11,167.34,1,0.2036,0,0,val
2024-07-15,169.99,1,0.2055,0,0,val
2024-07-23,169.78,0,0.1884,0,1,val
2024-07-24,172.41,0,0.1916,0,1,val
2024-07-25,170.46,0,0.1487,0,1,val
2024-07-26,170.25,0,0.1892,0,1,val
2024-07-30,167.66,1,0.1882,0,0,val
2024-08-01,167.03,1,0.1995,0,0,val
2024-09-30,190.26,1,0.4765,0,0,test
2024-10-01,190.11,1,0.4511,0,0,test
2024-10-02,187.12,1,0.3788,0,0,test
2024-10-03,190.45,1,0.3751,0,0,test
2024-10-04,193.91,1,0.2604,0,0,test
2024-10-07,196.06,0,0.1904,0,1,test
2024-10-08,203.54,0,0.1466,0,1,test
2024-10-09,199.92,0,0.1327,0,1,test
2024-10-10,194.92,1,0.2016,0,0,test
2024-10-11,198.16,0,0.2409,0,1,test
2024-10-14,191.06,1,0.204,0,0,test
2024-10-17,198.48,1,0.381,0,0,test
2024-10-18,196.0,1,0.2971,0,0,test
2024-10-21,197.75,1,0.3896,0,0,test
2024-10-24,202.78,0,0.3051,0,1,test
2024-10-25,205.61,0,0.2106,0,1,test
2024-10-28,202.19,0,0.2108,0,1,test
2024-10-30,198.74,0,0.2201,0,1,test
2024-10-31,193.89,1,0.1658,0,0,test
2024-11-01,194.3,1,0.3065,0,0,test
2024-11-04,195.8,1,0.2388,0,0,test
2024-11-05,195.68,1,0.2691,0,0,test
2024-11-06,194.94,1,0.3465,0,0,test
2024-11-11,199.68,0,0.3595,0,1,test
2024-11-14,199.6,1,0.2857,0,0,test
2024-11-15,200.14,1,0.3285,0,0,test
2024-11-19,199.6,0,0.3072,0,1,test
2024-11-20,198.26,1,0.3181,0,0,test
2024-11-21,208.75,0,0.3083,0,1,test
2024-11-22,204.2,0,0.2497,0,1,test
2024-11-25,198.49,1,0.3312,0,0,test
2024-11-26,193.92,1,0.5142,1,1,test
2024-11-28,201.09,1,0.8804,1,1,test
2024-11-29,200.21,1,0.7394,1,1,test
2024-12-02,201.61,1,0.7612,1,1,test
2024-12-04,205.19,0,0.8161,1,0,test
2024-12-06,208.95,0,0.8074,1,0,test
2024-12-09,210.07,0,0.8273,1,0,test
2024-12-11,202.88,0,0.705,1,0,test
2024-12-12,209.4,0,0.6905,1,0,test
2024-12-13,204.64,0,0.3946,0,1,test
2024-12-16,204.51,0,0.6295,1,0,test
2024-12-18,196.9,1,0.6463,1,1,test
2024-12-19,192.9,1,0.8514,1,1,test
2024-12-20,194.4,1,0.8411,1,1,test
2024-12-23,201.77,1,0.697,1,1,test
2024-12-24,201.46,1,0.6282,1,1,test
2024-12-26,199.29,1,0.6598,1,1,test
2024-12-27,200.34,1,0.6901,1,1,test
2024-12-30,206.05,1,0.6899,1,1,test
2024-12-31,204.19,1,0.5446,1,1,test
2025-01-01,206.53,1,0.6042,1,1,test
2025-01-03,239.45,0,0.511,1,0,test
2025-01-06,233.67,0,0.299,0,1,test
2025-01-07,224.91,0,0.2933,0,1,test
2025-01-08,222.27,0,0.4333,0,1,test
2025-01-10,218.57,1,0.5458,1,1,test
2025-01-14,218.87,1,0.5774,1,1,test
2025-01-20,221.02,1,0.542,1,1,test
2025-01-21,221.47,1,0.3325,0,0,test
2025-01-22,219.45,1,0.2766,0,0,test
2025-01-23,219.24,1,0.2843,0,0,test
2025-01-27,226.76,0,0.2962,0,1,test
2025-01-28,225.01,0,0.1973,0,1,test
2025-01-29,222.02,0,0.2012,0,1,test
2025-01-30,222.48,0,0.2106,0,1,test
2025-01-31,222.59,0,0.1742,0,1,test
2025-02-06,214.34,1,0.2048,0,0,test
2025-02-07,212.21,1,0.2854,0,0,test
2025-02-10,214.65,1,0.353,0,0,test
2025-02-11,217.11,1,0.2663,0,0,test
2025-02-12,217.64,1,0.1467,0,0,test
2025-02-13,217.96,1,0.1255,0,0,test
2025-02-14,218.68,1,0.129,0,0,test
2025-02-17,219.8,1,0.1449,0,0,test
2025-02-25,227.38,0,0.1273,0,1,test
2025-02-26,226.31,0,0.1397,0,1,test
2025-03-05,220.87,1,0.1687,0,0,test
2025-03-07,224.44,0,0.2544,0,1,test
2025-03-10,225.19,0,0.2652,0,1,test
2025-03-11,223.31,0,0.2255,0,1,test
2025-03-12,223.85,0,0.2839,0,1,test
2025-03-13,224.89,0,0.2982,0,1,test
2025-03-14,219.15,0,0.4246,0,1,test
2025-03-17,215.09,0,0.7508,1,0,test
2025-03-18,214.91,0,0.7464,1,0,test
2025-03-19,214.08,0,0.5224,1,0,test
2025-03-20,213.86,0,0.5601,1,0,test
2025-03-21,212.9,0,0.6574,1,0,test
2025-03-25,208.83,0,0.9113,1,0,test
2025-03-26,207.4,0,0.9341,1,0,test
2025-03-27,207.58,0,0.9511,1,0,test
2025-04-03,209.67,0,0.9429,1,0,test
2025-04-04,208.18,0,0.9131,1,0,test
2025-04-07,201.34,0,0.9066,1,0,test
2025-04-08,197.37,0,0.9283,1,0,test
2025-04-09,193.72,0,0.9401,1,0,test
2025-04-11,184.57,1,0.9428,1,1,test
2025-04-14,188.86,0,0.9638,1,0,test
2025-04-15,188.76,0,0.9327,1,0,test
2025-04-16,191.17,0,0.8571,1,0,test
2025-04-17,190.0,0,0.8181,1,0,test
2025-04-18,187.1,0,0.7174,1,0,test
2025-04-21,183.77,0,0.6504,1,0,test
2025-04-22,180.27,0,0.5498,1,0,test
2025-04-23,180.18,0,0.573,1,0,test
2025-04-24,176.21,0,0.6577,1,0,test
2025-04-25,175.75,0,0.7588,1,0,test
2025-04-28,169.91,0,0.7539,1,0,test
2025-04-29,170.63,0,0.8524,1,0,test
2025-04-30,161.67,0,0.8259,1,0,test
2025-05-02,169.54,0,0.8799,1,0,test
2025-05-05,170.05,1,0.7898,1,1,test
2025-05-06,166.9,1,0.6974,1,1,test
2025-05-07,161.38,1,0.6897,1,1,test
2025-05-08,155.68,1,0.7165,1,1,test
2025-05-09,162.64,1,0.751,1,1,test
2025-05-12,178.9,1,0.7314,1,1,test
2025-05-13,179.16,1,0.6326,1,1,test
2025-05-14,178.03,1,0.6052,1,1,test
2025-05-26,182.02,1,0.5886,1,1,test
2025-05-27,182.54,1,0.5857,1,1,test
2025-05-29,182.5,1,0.5685,1,1,test
2025-05-30,183.62,1,0.5525,1,1,test
2025-06-02,181.3,1,0.5093,1,1,test
2025-06-04,187.26,0,0.569,1,0,test
2025-06-05,187.29,0,0.4947,0,1,test
2025-06-10,185.91,0,0.4516,0,1,test
2025-06-11,188.12,0,0.4694,0,1,test
2025-06-12,187.14,0,0.4201,0,1,test
2025-06-13,183.86,0,0.4193,0,1,test
2025-06-16,182.54,0,0.4487,0,1,test
2025-06-19,181.84,1,0.4171,0,0,test
2025-06-20,180.3,1,0.4316,0,0,test
2025-06-23,176.68,1,0.4296,0,0,test
2025-06-24,183.76,1,0.4269,0,0,test
2025-06-25,184.91,1,0.2531,0,0,test
2025-06-26,183.89,1,0.218,0,0,test
2025-06-27,188.56,1,0.2185,0,0,test
2025-06-30,185.59,1,0.1318,0,0,test
2025-07-01,189.44,1,0.1738,0,0,test
2025-07-03,194.55,0,0.1177,0,1,test
2025-07-04,196.29,0,0.1291,0,1,test
2025-07-09,191.6,1,0.1232,0,0,test
2025-07-10,192.23,1,0.1871,0,0,test
2025-07-11,192.02,1,0.2296,0,0,test
2025-07-14,193.9,1,0.2418,0,0,test
2025-07-15,192.28,1,0.1964,0,0,test
2025-07-16,197.75,1,0.2614,0,0,test
2025-07-17,207.63,1,0.1172,0,0,test
2025-07-18,209.32,1,0.116,0,0,test
2025-07-21,210.98,1,0.1234,0,0,test
2025-07-22,220.5,0,0.1547,0,1,test
2025-07-23,220.01,0,0.2064,0,1,test
2025-07-24,217.22,0,0.3178,0,1,test
2025-07-25,216.4,0,0.4813,0,1,test
2025-07-28,216.32,0,0.5305,1,0,test
2025-07-29,205.25,1,0.3812,0,0,test
2025-07-30,206.34,1,0.6628,1,1,test
2025-07-31,204.84,1,0.6061,1,1,test
2025-08-01,206.89,1,0.6408,1,1,test
2025-08-04,205.25,1,0.4087,0,0,test
2025-08-05,209.76,0,0.2956,0,1,test
2025-08-06,214.63,0,0.2048,0,1,test
2025-08-07,221.84,0,0.1447,0,1,test
2025-08-13,201.68,1,0.1036,0,0,test
2025-08-15,208.23,0,0.1807,0,1,test
2025-08-18,210.77,0,0.1539,0,1,test
2025-08-19,210.21,0,0.1309,0,1,test
2025-08-20,207.76,0,0.2057,0,1,test
2025-08-21,206.44,0,0.2455,0,1,test
2025-08-22,205.02,0,0.3204,0,1,test
2025-08-26,203.8,1,0.3688,0,0,test
2025-08-27,203.3,1,0.3447,0,0,test
2025-08-28,202.5,1,0.3859,0,0,test
2025-08-29,202.67,1,0.4149,0,0,test
2025-09-01,204.45,1,0.402,0,0,test
2025-09-02,209.74,1,0.3274,0,0,test
2025-09-03,210.9,1,0.186,0,0,test
2025-09-04,208.48,1,0.1619,0,0,test
2025-09-05,209.97,1,0.1873,0,0,test
2025-09-08,209.88,1,0.176,0,0,test
2025-09-09,214.48,1,0.1414,0,0,test
2025-09-10,221.47,0,0.1463,0,1,test
2025-09-12,215.14,1,0.1167,0,0,test
2025-09-16,218.28,0,0.171,0,1,test
2025-09-17,217.67,0,0.1329,0,1,test
2025-09-22,215.46,1,0.1563,0,0,test
2025-09-23,214.98,1,0.2076,0,0,test
2025-09-24,212.32,1,0.2307,0,0,test
2025-09-25,217.87,1,0.2932,0,0,test
2025-09-26,219.43,1,0.2538,0,0,test
2025-09-29,221.44,1,0.2493,0,0,test
2025-09-30,221.68,1,0.1585,0,0,test
2025-10-01,223.92,1,0.1672,0,0,test
2025-10-02,227.86,1,0.1502,0,0,test
2025-10-06,229.63,0,0.1216,0,1,test
2025-10-07,233.16,0,0.1519,0,1,test
2025-10-08,233.92,0,0.1548,0,1,test
2025-10-09,233.58,0,0.168,0,1,test
2025-10-10,228.34,0,0.1786,0,1,test
2025-10-13,223.14,0,0.2932,0,1,test
2025-10-14,229.36,0,0.374,0,1,test
2025-10-15,223.19,0,0.2489,0,1,test
2025-10-20,216.87,0,0.3346,0,1,test
2025-10-21,219.03,0,0.3335,0,1,test
2025-10-22,219.63,0,0.302,0,1,test
2025-10-23,219.39,0,0.2737,0,1,test
2025-10-24,214.62,0,0.2963,0,1,test
2025-10-27,212.27,0,0.3625,0,1,test
2025-10-31,207.45,0,0.384,0,1,test
2025-11-03,209.85,1,0.4119,0,0,test
2025-11-04,206.74,1,0.3348,0,0,test
2025-11-05,203.84,1,0.58,1,1,test
2025-11-06,203.66,1,0.7082,1,1,test
2025-11-07,203.29,1,0.741,1,1,test
2025-11-10,218.89,0,0.7485,1,0,test
2025-11-12,215.04,1,0.6324,1,1,test
2025-11-17,214.08,1,0.6249,1,1,test
2025-11-18,212.68,1,0.6651,1,1,test
2025-11-20,216.32,1,0.6717,1,1,test
2025-11-21,215.17,1,0.6709,1,1,test
2025-11-24,216.86,1,0.6586,1,1,test
2025-11-25,218.16,1,0.6024,1,1,test
2025-11-27,221.16,0,0.529,1,0,test
2025-12-01,221.44,0,0.454,0,1,test
2025-12-02,222.56,0,0.3577,0,1,test
2025-12-11,215.97,1,0.3131,0,0,test
2025-12-17,216.26,1,0.3416,0,0,test
2025-12-19,218.57,1,0.3892,0,0,test
2025-12-22,218.09,1,0.3298,0,0,test
2025-12-23,219.61,1,0.2748,0,0,test
2025-12-24,220.49,1,0.2741,0,0,test
2025-12-26,222.01,1,0.3381,0,0,test
2025-12-29,227.04,1,0.3092,0,0,test
2025-12-30,224.0,1,0.2938,0,0,test
2025-12-31,226.35,1,0.3262,0,0,test
2026-01-01,227.89,1,0.2791,0,0,test
2026-01-05,254.92,0,0.2998,0,1,test
2026-01-06,252.23,0,0.1985,0,1,test
2026-01-07,253.9,0,0.2557,0,1,test
2026-01-08,249.48,0,0.2813,0,1,test
2026-01-09,245.89,0,0.497,0,1,test
2026-01-15,238.04,1,0.7471,1,1,test
2026-01-16,242.16,1,0.8145,1,1,test
2026-01-19,242.54,1,0.5751,1,1,test
2026-01-22,245.04,0,0.6501,1,0,test
2026-01-23,255.08,0,0.6079,1,0,test
